what flights go from dallas to phoenix	( _lambda $0 e ( _and ( _flight $0 ) ( _from $0 dallas:_ci ) ( _to $0 phoenix:_ci ) ) )
what flights go from phoenix to salt lake city	( _lambda $0 e ( _and ( _flight $0 ) ( _from $0 phoenix:_ci ) ( _to $0 salt_lake_city:_ci ) ) )
i need an early flight from milwaukee to denver	( _lambda $0 e ( _and ( _flight $0 ) ( _during_day $0 early:_pd ) ( _from $0 milwaukee:_ci ) ( _to $0 denver:_ci ) ) )
what types of ground transportation are available in denver	( _lambda $0 e ( _and ( _ground_transport $0 ) ( _to_city $0 denver:_ci ) ) )
what flights go from denver to st. louis on tuesday morning	( _lambda $0 e ( _and ( _flight $0 ) ( _during_day $0 morning:_pd ) ( _from $0 denver:_ci ) ( _to $0 st_louis:_ci ) ( _day $0 tuesday:_da ) ) )
is ground transportation available in st. louis	( _lambda $0 e ( _and ( _ground_transport $0 ) ( _to_city $0 st_louis:_ci ) ) )
i need to fly from st. louis to milwaukee on wednesday afternoon	( _lambda $0 e ( _and ( _flight $0 ) ( _during_day $0 afternoon:_pd ) ( _from $0 st_louis:_ci ) ( _to $0 milwaukee:_ci ) ( _day $0 wednesday:_da ) ) )
flights from washington to seattle	( _lambda $0 e ( _and ( _flight $0 ) ( _from $0 washington:_ci ) ( _to $0 seattle:_ci ) ) )
flights from atlanta to seattle	( _lambda $0 e ( _and ( _flight $0 ) ( _from $0 atlanta:_ci ) ( _to $0 seattle:_ci ) ) )
flights from san diego to seattle	( _lambda $0 e ( _and ( _flight $0 ) ( _from $0 san_diego:_ci ) ( _to $0 seattle:_ci ) ) )
i would like flight information from phoenix to denver	( _lambda $0 e ( _and ( _flight $0 ) ( _from $0 phoenix:_ci ) ( _to $0 denver:_ci ) ) )
could i have flight information on flights from salt lake city to phoenix please	( _lambda $0 e ( _and ( _flight $0 ) ( _from $0 salt_lake_city:_ci ) ( _to $0 phoenix:_ci ) ) )
could i have flight information on flights from pittsburgh to phoenix please	( _lambda $0 e ( _and ( _flight $0 ) ( _from $0 pittsburgh:_ci ) ( _to $0 phoenix:_ci ) ) )
i would like information on flights leaving from washington dc to denver	( _lambda $0 e ( _and ( _flight $0 ) ( _from $0 washington:_ci ) ( _to $0 denver:_ci ) ) )
i need information on flights from washington to boston that leave on a saturday	( _lambda $0 e ( _and ( _flight $0 ) ( _from $0 washington:_ci ) ( _to $0 boston:_ci ) ( _day $0 saturday:_da ) ) )
i need the flights from washington to montreal on a saturday	( _lambda $0 e ( _and ( _flight $0 ) ( _from $0 washington:_ci ) ( _to $0 montreal:_ci ) ( _day $0 saturday:_da ) ) )
i need the fares on flights from washington to toronto on a saturday	( _lambda $0 e ( _exists $1 ( _and ( _flight $1 ) ( _from $1 washington:_ci ) ( _to $1 toronto:_ci ) ( _day $1 saturday:_da ) ( _= ( _fare $1 ) $0 ) ) ) )
i want to go from boston to washington on a saturday	( _lambda $0 e ( _and ( _from $0 boston:_ci ) ( _to $0 washington:_ci ) ( _day $0 saturday:_da ) ) )
i need a flight from cleveland to dallas that leaves before noon see if too much information	( _lambda $0 e ( _and ( _flight $0 ) ( _< ( _departure_time $0 ) 1200:_ti ) ( _from $0 cleveland:_ci ) ( _to $0 dallas:_ci ) ) )
get fares from washington to boston	( _lambda $0 e ( _exists $1 ( _and ( _from $1 washington:_ci ) ( _to $1 boston:_ci ) ( _= ( _fare $1 ) $0 ) ) ) )
get saturday fares from washington to boston	( _lambda $0 e ( _exists $1 ( _and ( _from $1 washington:_ci ) ( _to $1 boston:_ci ) ( _day $1 saturday:_da ) ( _= ( _fare $1 ) $0 ) ) ) )
get fares from washington to montreal	( _lambda $0 e ( _exists $1 ( _and ( _from $1 washington:_ci ) ( _to $1 montreal:_ci ) ( _= ( _fare $1 ) $0 ) ) ) )
get saturday fares from washington to montreal	( _lambda $0 e ( _exists $1 ( _and ( _from $1 washington:_ci ) ( _to $1 montreal:_ci ) ( _day $1 saturday:_da ) ( _= ( _fare $1 ) $0 ) ) ) )
get saturday fares from washington to toronto	( _lambda $0 e ( _exists $1 ( _and ( _from $1 washington:_ci ) ( _to $1 toronto:_ci ) ( _day $1 saturday:_da ) ( _= ( _fare $1 ) $0 ) ) ) )
get the saturday fare from washington to toronto	( _lambda $0 e ( _exists $1 ( _and ( _from $1 washington:_ci ) ( _to $1 toronto:_ci ) ( _day $1 saturday:_da ) ( _= ( _fare $1 ) $0 ) ) ) )
list saturday flights from washington to boston	( _lambda $0 e ( _and ( _flight $0 ) ( _from $0 washington:_ci ) ( _to $0 boston:_ci ) ( _day $0 saturday:_da ) ) )
list saturday flights from boston to washington	( _lambda $0 e ( _and ( _flight $0 ) ( _from $0 boston:_ci ) ( _to $0 washington:_ci ) ( _day $0 saturday:_da ) ) )
get flights from milwaukee to dtw	( _lambda $0 e ( _and ( _flight $0 ) ( _from $0 milwaukee:_ci ) ( _to $0 dtw:_ap ) ) )
list flights from milwaukee to detroit	( _lambda $0 e ( _and ( _flight $0 ) ( _from $0 milwaukee:_ci ) ( _to $0 detroit:_ci ) ) )
get flights from detroit to toronto	( _lambda $0 e ( _and ( _flight $0 ) ( _from $0 detroit:_ci ) ( _to $0 toronto:_ci ) ) )
get flights from toronto to milwaukee	( _lambda $0 e ( _and ( _flight $0 ) ( _from $0 toronto:_ci ) ( _to $0 milwaukee:_ci ) ) )
get last flight from oakland to salt lake city on wednesday or first flight from oakland to salt lake city on thursday	( _lambda $0 e ( _or ( _equals $0 ( _argmax $1 ( _and ( _flight $1 ) ( _from $1 oakland:_ci ) ( _to $1 salt_lake_city:_ci ) ( _day $1 wednesday:_da ) ) ( _departure_time $1 ) ) ) ( _equals $0 ( _argmin $1 ( _and ( _flight $1 ) ( _from $1 oakland:_ci ) ( _to $1 salt_lake_city:_ci ) ( _day $1 thursday:_da ) ) ( _departure_time $1 ) ) ) ) )
get first flight from oakland to salt lake city on thursday	( _argmin $0 ( _and ( _flight $0 ) ( _from $0 oakland:_ci ) ( _to $0 salt_lake_city:_ci ) ( _day $0 thursday:_da ) ) ( _departure_time $0 ) )
get last flight from oakland to salt lake city on wednesday	( _argmax $0 ( _and ( _flight $0 ) ( _from $0 oakland:_ci ) ( _to $0 salt_lake_city:_ci ) ( _day $0 wednesday:_da ) ) ( _departure_time $0 ) )
list last wednesday flight from oakland to salt lake city	( _argmax $0 ( _and ( _flight $0 ) ( _from $0 oakland:_ci ) ( _to $0 salt_lake_city:_ci ) ( _day $0 wednesday:_da ) ) ( _departure_time $0 ) )
get flight from toronto to san diego stopping at dtw	( _lambda $0 e ( _and ( _flight $0 ) ( _from $0 toronto:_ci ) ( _to $0 san_diego:_ci ) ( _stop $0 dtw:_ap ) ) )
get flights between st. petersburg and charlotte	( _lambda $0 e ( _and ( _flight $0 ) ( _from $0 st_petersburg:_ci ) ( _to $0 charlotte:_ci ) ) )
i need a flight from milwaukee to indianapolis leaving monday before 9am	( _lambda $0 e ( _and ( _flight $0 ) ( _< ( _departure_time $0 ) 900:_ti ) ( _from $0 milwaukee:_ci ) ( _to $0 indianapolis:_ci ) ( _day $0 monday:_da ) ) )
i need a flight departing from milwaukee to indianapolis leaving monday before 8am	( _lambda $0 e ( _and ( _flight $0 ) ( _< ( _departure_time $0 ) 800:_ti ) ( _from $0 milwaukee:_ci ) ( _to $0 indianapolis:_ci ) ( _day $0 monday:_da ) ) )
is there ground transportation available at the indianapolis airport	( _lambda $0 e ( _and ( _ground_transport $0 ) ( _from_airport $0 ind:_ap ) ) )
i need flight information for a flight departing from indianapolis to cleveland departing tuesday at noon	( _lambda $0 e ( _and ( _flight $0 ) ( _departure_time $0 1200:_ti ) ( _from $0 indianapolis:_ci ) ( _to $0 cleveland:_ci ) ( _day $0 tuesday:_da ) ) )
i need flight information for a flight departing from cleveland to milwaukee wednesday after 6pm	( _lambda $0 e ( _and ( _flight $0 ) ( _> ( _departure_time $0 ) 1800:_ti ) ( _from $0 cleveland:_ci ) ( _to $0 milwaukee:_ci ) ( _day $0 wednesday:_da ) ) )
i need flight information for flights departing from cleveland going back to milwaukee wednesday after 5pm	( _lambda $0 e ( _and ( _flight $0 ) ( _> ( _departure_time $0 ) 1700:_ti ) ( _from $0 cleveland:_ci ) ( _to $0 milwaukee:_ci ) ( _day $0 wednesday:_da ) ) )
i need flight information for flights departing from cleveland to milwaukee on wednesday after 5pm	( _lambda $0 e ( _and ( _flight $0 ) ( _> ( _departure_time $0 ) 1700:_ti ) ( _from $0 cleveland:_ci ) ( _to $0 milwaukee:_ci ) ( _day $0 wednesday:_da ) ) )
i need flight information for flights departing from cleveland to milwaukee on wednesday after 5pm	( _lambda $0 e ( _and ( _flight $0 ) ( _> ( _departure_time $0 ) 1700:_ti ) ( _from $0 cleveland:_ci ) ( _to $0 milwaukee:_ci ) ( _day $0 wednesday:_da ) ) )
i need a flight from denver to salt lake city on monday	( _lambda $0 e ( _and ( _flight $0 ) ( _from $0 denver:_ci ) ( _to $0 salt_lake_city:_ci ) ( _day $0 monday:_da ) ) )
is there ground transportation available at the denver airport	( _lambda $0 e ( _and ( _ground_transport $0 ) ( _from_airport $0 den:_ap ) ) )
i need flight and airline information for a flight from denver to salt lake city on monday departing after 5pm	( _lambda $0 e ( _lambda $1 e ( _and ( _flight $0 ) ( _> ( _departure_time $0 ) 1700:_ti ) ( _from $0 denver:_ci ) ( _to $0 salt_lake_city:_ci ) ( _day $0 monday:_da ) ( _= ( _airline:_e $0 ) $1 ) ) ) )
is there ground transportation available at the salt lake city airport	( _lambda $0 e ( _and ( _ground_transport $0 ) ( _from_airport $0 slc:_ap ) ) )
i need a flight from salt lake city to phoenix departing wednesday after 5pm	( _lambda $0 e ( _and ( _flight $0 ) ( _> ( _departure_time $0 ) 1700:_ti ) ( _from $0 salt_lake_city:_ci ) ( _to $0 phoenix:_ci ) ( _day $0 wednesday:_da ) ) )
is there ground transportation available at the phoenix airport	( _lambda $0 e ( _and ( _ground_transport $0 ) ( _from_airport $0 phx:_ap ) ) )
i need a flight from oakland to salt lake city on wednesday departing after 6pm	( _lambda $0 e ( _and ( _flight $0 ) ( _> ( _departure_time $0 ) 1800:_ti ) ( _from $0 oakland:_ci ) ( _to $0 salt_lake_city:_ci ) ( _day $0 wednesday:_da ) ) )
i need flight and fare information for thursday departing prior to 9am from oakland going to salt lake city	( _lambda $0 e ( _lambda $1 e ( _and ( _flight $0 ) ( _< ( _departure_time $0 ) 900:_ti ) ( _from $0 oakland:_ci ) ( _to $0 salt_lake_city:_ci ) ( _day $0 thursday:_da ) ( _= ( _fare $0 ) $1 ) ) ) )
i need flight and fare information departing from oakland to salt lake city on thursday before 8am	( _lambda $0 e ( _lambda $1 e ( _and ( _flight $0 ) ( _< ( _departure_time $0 ) 800:_ti ) ( _from $0 oakland:_ci ) ( _to $0 salt_lake_city:_ci ) ( _day $0 thursday:_da ) ( _= ( _fare $0 ) $1 ) ) ) )
i need flight numbers and airlines for flights departing from oakland to salt lake city on thursday departing before 8am	( _lambda $0 e ( _lambda $1 e ( _exists $2 ( _and ( _flight $2 ) ( _< ( _departure_time $2 ) 800:_ti ) ( _from $2 oakland:_ci ) ( _to $2 salt_lake_city:_ci ) ( _day $2 thursday:_da ) ( _= ( _flight_number $2 ) $0 ) ( _= ( _airline:_e $2 ) $1 ) ) ) ) )
i need flight numbers for those flights departing on thursday before 8am from oakland going to salt lake city	( _lambda $0 e ( _exists $1 ( _and ( _< ( _departure_time $1 ) 800:_ti ) ( _from $1 oakland:_ci ) ( _to $1 salt_lake_city:_ci ) ( _day $1 thursday:_da ) ( _= ( _flight_number $1 ) $0 ) ) ) )
list airports in arizona nevada and california please	( _lambda $0 e ( _and ( _airport $0 ) ( _or ( _loc:_t $0 arizona:_st ) ( _loc:_t $0 nevada:_st ) ( _loc:_t $0 california:_st ) ) ) )
list california nevada arizona airports	( _lambda $0 e ( _and ( _airport $0 ) ( _or ( _loc:_t $0 arizona:_st ) ( _loc:_t $0 nevada:_st ) ( _loc:_t $0 california:_st ) ) ) )
list the arizona airport	( _lambda $0 e ( _and ( _airport $0 ) ( _loc:_t $0 arizona:_st ) ) )
list california airports	( _lambda $0 e ( _and ( _airport $0 ) ( _loc:_t $0 california:_st ) ) )
list flights from las vegas to phoenix	( _lambda $0 e ( _and ( _flight $0 ) ( _from $0 las_vegas:_ci ) ( _to $0 phoenix:_ci ) ) )
list california airports	( _lambda $0 e ( _and ( _airport $0 ) ( _loc:_t $0 california:_st ) ) )
list airports	( _lambda $0 e ( _airport $0 ) )
list wednesday night flights from oakland to salt lake city	( _lambda $0 e ( _and ( _flight $0 ) ( _during_day $0 late:_pd ) ( _from $0 oakland:_ci ) ( _to $0 salt_lake_city:_ci ) ( _day $0 wednesday:_da ) ) )
list flights from oakland to salt lake city before 6am thursday morning	( _lambda $0 e ( _and ( _flight $0 ) ( _< ( _departure_time $0 ) 600:_ti ) ( _from $0 oakland:_ci ) ( _to $0 salt_lake_city:_ci ) ( _day $0 thursday:_da ) ( _during_day $0 morning:_pd ) ) )
which airlines fly between toronto and san diego	( _lambda $0 e ( _and ( _airline $0 ) ( _exists $1 ( _and ( _flight $1 ) ( _from $1 toronto:_ci ) ( _to $1 san_diego:_ci ) ( _= ( _airline:_e $1 ) $0 ) ) ) ) )
please list afternoon flights between st. petersburg and charlotte	( _lambda $0 e ( _and ( _flight $0 ) ( _during_day $0 afternoon:_pd ) ( _from $0 st_petersburg:_ci ) ( _to $0 charlotte:_ci ) ) )
what is tpa	tpa:_ap
what are the flights from cleveland to dallas	( _lambda $0 e ( _and ( _flight $0 ) ( _from $0 cleveland:_ci ) ( _to $0 dallas:_ci ) ) )
please list only the flights from cleveland to dallas that leave before noon	( _lambda $0 e ( _and ( _flight $0 ) ( _< ( _departure_time $0 ) 1200:_ti ) ( _from $0 cleveland:_ci ) ( _to $0 dallas:_ci ) ) )
what type of aircraft are flying from cleveland to dallas before noon	( _lambda $0 e ( _exists $1 ( _and ( _flight $1 ) ( _< ( _departure_time $1 ) 1200:_ti ) ( _from $1 cleveland:_ci ) ( _to $1 dallas:_ci ) ( _= ( _aircraft_code $1 ) $0 ) ) ) )
i need information on flights from indianapolis to seattle	( _lambda $0 e ( _and ( _flight $0 ) ( _from $0 indianapolis:_ci ) ( _to $0 seattle:_ci ) ) )
i need a flight from memphis to seattle	( _lambda $0 e ( _and ( _flight $0 ) ( _from $0 memphis:_ci ) ( _to $0 seattle:_ci ) ) )
i need a ticket from nashville to seattle	( _lambda $0 e ( _and ( _from $0 nashville:_ci ) ( _to $0 seattle:_ci ) ) )
i need a ticket from nashville tennessee to seattle	( _lambda $0 e ( _and ( _from $0 nashville:_ci ) ( _to $0 seattle:_ci ) ) )
i need flight information from milwaukee to tampa	( _lambda $0 e ( _and ( _flight $0 ) ( _from $0 milwaukee:_ci ) ( _to $0 tampa:_ci ) ) )
i need to rent a car at tampa	( _lambda $0 e ( _and ( _rental_car $0 ) ( _to_city $0 tampa:_ci ) ) )
i need a daily flight from st. louis to milwaukee	( _lambda $0 e ( _and ( _flight $0 ) ( _daily $0 ) ( _from $0 st_louis:_ci ) ( _to $0 milwaukee:_ci ) ) )
i need flights departing from oakland and arriving salt lake city	( _lambda $0 e ( _and ( _flight $0 ) ( _from $0 oakland:_ci ) ( _to $0 salt_lake_city:_ci ) ) )
i need information on flights from toronto to san diego	( _lambda $0 e ( _and ( _flight $0 ) ( _from $0 toronto:_ci ) ( _to $0 san_diego:_ci ) ) )
i need information on flights from toronto to san diego	( _lambda $0 e ( _and ( _flight $0 ) ( _from $0 toronto:_ci ) ( _to $0 san_diego:_ci ) ) )
i want a flight from toronto to san diego	( _lambda $0 e ( _and ( _flight $0 ) ( _from $0 toronto:_ci ) ( _to $0 san_diego:_ci ) ) )
i need information on flights between st. petersburg and charlotte	( _lambda $0 e ( _and ( _flight $0 ) ( _from $0 st_petersburg:_ci ) ( _to $0 charlotte:_ci ) ) )
i need the flight numbers of flights leaving from cleveland and arriving at dallas	( _lambda $0 e ( _exists $1 ( _and ( _flight $1 ) ( _from $1 cleveland:_ci ) ( _to $1 dallas:_ci ) ( _= ( _flight_number $1 ) $0 ) ) ) )
which flights go from new york to miami and back	( _lambda $0 e ( _and ( _flight $0 ) ( _from $0 new_york:_ci ) ( _to $0 miami:_ci ) ) )
what does fare code qo mean	qo:_fb
show me flights from milwaukee to orlando one way	( _lambda $0 e ( _and ( _flight $0 ) ( _oneway $0 ) ( _from $0 milwaukee:_ci ) ( _to $0 orlando:_ci ) ) )
what the abbreviation us stand for	us:_al
i'd like a one way ticket from milwaukee to orlando either wednesday evening or thursday morning	( _lambda $0 e ( _and ( _oneway $0 ) ( _from $0 milwaukee:_ci ) ( _to $0 orlando:_ci ) ( _or ( _and ( _day $0 wednesday:_da ) ( _during_day $0 evening:_pd ) ) ( _and ( _day $0 thursday:_da ) ( _during_day $0 morning:_pd ) ) ) ) )
show me flights from milwaukee to orlando	( _lambda $0 e ( _and ( _flight $0 ) ( _from $0 milwaukee:_ci ) ( _to $0 orlando:_ci ) ) )
what does fare code f mean	f:_fb
what does fare code h mean	h:_fb
what does fare code y mean	y:_fb
what are restrictions ap/57	ap_57:_rc
please show me first class flights from indianapolis to memphis one way leaving before 10am	( _lambda $0 e ( _and ( _flight $0 ) ( _oneway $0 ) ( _class_type $0 first:_cl ) ( _< ( _departure_time $0 ) 1000:_ti ) ( _from $0 indianapolis:_ci ) ( _to $0 memphis:_ci ) ) )
now show me all round trip flights from burbank to seattle that arrive before 7pm in seattle	( _lambda $0 e ( _and ( _flight $0 ) ( _round_trip $0 ) ( _< ( _arrival_time $0 ) 1900:_ti ) ( _from $0 burbank:_ci ) ( _to $0 seattle:_ci ) ) )
round trip flights from orlando to montreal please	( _lambda $0 e ( _and ( _flight $0 ) ( _round_trip $0 ) ( _from $0 orlando:_ci ) ( _to $0 montreal:_ci ) ) )
what airline is dl	dl:_al
show me all delta airlines flights from montreal to orlando	( _lambda $0 e ( _and ( _flight $0 ) ( _airline $0 dl:_al ) ( _from $0 montreal:_ci ) ( _to $0 orlando:_ci ) ) )
show me all flights from orlando to montreal please	( _lambda $0 e ( _and ( _flight $0 ) ( _from $0 orlando:_ci ) ( _to $0 montreal:_ci ) ) )
which airline is kw	kw:_al
please list all flights from new york to miami any any type of class	( _lambda $0 e ( _and ( _flight $0 ) ( _from $0 new_york:_ci ) ( _to $0 miami:_ci ) ) )
what does fare code bh mean	bh:_fb
show me a return flight from miami to jfk please	( _lambda $0 e ( _and ( _flight $0 ) ( _from $0 miami:_ci ) ( _to $0 jfk:_ap ) ) )
what does fare code bh mean	bh:_fb
what does fare code bh mean	bh:_fb
what does fare code bh mean	bh:_fb
what does fare code bh mean	bh:_fb
show me one way flights from milwaukee to orlando after 6pm on wednesday	( _lambda $0 e ( _and ( _flight $0 ) ( _oneway $0 ) ( _> ( _departure_time $0 ) 1800:_ti ) ( _from $0 milwaukee:_ci ) ( _to $0 orlando:_ci ) ( _day $0 wednesday:_da ) ) )
show me the flights from indianapolis to memphis	( _lambda $0 e ( _and ( _flight $0 ) ( _from $0 indianapolis:_ci ) ( _to $0 memphis:_ci ) ) )
show me round trip flights from burbank to seattle	( _lambda $0 e ( _and ( _flight $0 ) ( _round_trip $0 ) ( _from $0 burbank:_ci ) ( _to $0 seattle:_ci ) ) )
show me round trip flights from orlando to montreal	( _lambda $0 e ( _and ( _flight $0 ) ( _round_trip $0 ) ( _from $0 orlando:_ci ) ( _to $0 montreal:_ci ) ) )
show me nonstop flights from montreal to orlando	( _lambda $0 e ( _and ( _flight $0 ) ( _nonstop $0 ) ( _from $0 montreal:_ci ) ( _to $0 orlando:_ci ) ) )
show me round trips between montreal and orlando	( _lambda $0 e ( _and ( _round_trip $0 ) ( _from $0 montreal:_ci ) ( _to $0 orlando:_ci ) ) )
show me round trip flights from montreal to orlando	( _lambda $0 e ( _and ( _flight $0 ) ( _round_trip $0 ) ( _from $0 montreal:_ci ) ( _to $0 orlando:_ci ) ) )
show me the cheapest one way flights from montreal to orlando	( _argmin $0 ( _and ( _flight $0 ) ( _oneway $0 ) ( _from $0 montreal:_ci ) ( _to $0 orlando:_ci ) ) ( _fare $0 ) )
show me the cheapest one way flights from orlando to montreal	( _argmin $0 ( _and ( _flight $0 ) ( _oneway $0 ) ( _from $0 orlando:_ci ) ( _to $0 montreal:_ci ) ) ( _fare $0 ) )
show me the cheapest economy flights from miami to new york	( _argmin $0 ( _and ( _flight $0 ) ( _economy $0 ) ( _from $0 miami:_ci ) ( _to $0 new_york:_ci ) ) ( _fare $0 ) )
kansas city to las vegas economy	( _lambda $0 e ( _and ( _economy $0 ) ( _from $0 kansas_city:_ci ) ( _to $0 las_vegas:_ci ) ) )
kansas city to las vegas economy	( _lambda $0 e ( _and ( _economy $0 ) ( _from $0 kansas_city:_ci ) ( _to $0 las_vegas:_ci ) ) )
what airline is hp	hp:_al
ground transportation in las vegas	( _lambda $0 e ( _and ( _ground_transport $0 ) ( _to_city $0 las_vegas:_ci ) ) )
ground transportation for las vegas	( _lambda $0 e ( _and ( _ground_transport $0 ) ( _to_city $0 las_vegas:_ci ) ) )
las vegas to baltimore economy	( _lambda $0 e ( _and ( _economy $0 ) ( _from $0 las_vegas:_ci ) ( _to $0 baltimore:_ci ) ) )
las vegas to baltimore economy	( _lambda $0 e ( _and ( _economy $0 ) ( _from $0 las_vegas:_ci ) ( _to $0 baltimore:_ci ) ) )
baltimore to kansas city economy	( _lambda $0 e ( _and ( _economy $0 ) ( _from $0 baltimore:_ci ) ( _to $0 kansas_city:_ci ) ) )
what airline is us	us:_al
which airline is us	us:_al
which airline is us	us:_al
which airline is us	us:_al
which airline is us	us:_al
columbus to chicago one way before 10am	( _lambda $0 e ( _and ( _oneway $0 ) ( _< ( _departure_time $0 ) 1000:_ti ) ( _from $0 columbus:_ci ) ( _to $0 chicago:_ci ) ) )
what airline is hp	hp:_al
st petersburg to detroit	( _lambda $0 e ( _and ( _from $0 st_petersburg:_ci ) ( _to $0 detroit:_ci ) ) )
from milwaukee to orlando one way after 5pm wednesday	( _lambda $0 e ( _and ( _oneway $0 ) ( _> ( _departure_time $0 ) 1700:_ti ) ( _from $0 milwaukee:_ci ) ( _to $0 orlando:_ci ) ( _day $0 wednesday:_da ) ) )
and from milwaukee to atlanta before 10am daily	( _lambda $0 e ( _and ( _daily $0 ) ( _< ( _departure_time $0 ) 1000:_ti ) ( _from $0 milwaukee:_ci ) ( _to $0 atlanta:_ci ) ) )
what airline is yx	yx:_al
show me all flights from san jose to phoenix	( _lambda $0 e ( _and ( _flight $0 ) ( _from $0 san_jose:_ci ) ( _to $0 phoenix:_ci ) ) )
show me all flights from san jose to phoenix	( _lambda $0 e ( _and ( _flight $0 ) ( _from $0 san_jose:_ci ) ( _to $0 phoenix:_ci ) ) )
what airline is hp	hp:_al
show me ground transportation in phoenix	( _lambda $0 e ( _and ( _ground_transport $0 ) ( _to_city $0 phoenix:_ci ) ) )
show me flights from phoenix to fort worth	( _lambda $0 e ( _and ( _flight $0 ) ( _from $0 phoenix:_ci ) ( _to $0 fort_worth:_ci ) ) )
show me ground transportation in fort worth	( _lambda $0 e ( _and ( _ground_transport $0 ) ( _to_city $0 fort_worth:_ci ) ) )
show me flights from fort worth to san jose	( _lambda $0 e ( _and ( _flight $0 ) ( _from $0 fort_worth:_ci ) ( _to $0 san_jose:_ci ) ) )
show me first class flights from new york to miami round trip	( _lambda $0 e ( _and ( _flight $0 ) ( _round_trip $0 ) ( _class_type $0 first:_cl ) ( _from $0 new_york:_ci ) ( _to $0 miami:_ci ) ) )
show me first class flights from new york to miami round trip	( _lambda $0 e ( _and ( _flight $0 ) ( _round_trip $0 ) ( _class_type $0 first:_cl ) ( _from $0 new_york:_ci ) ( _to $0 miami:_ci ) ) )
show me all round trip flights from new york to miami nonstop	( _lambda $0 e ( _and ( _flight $0 ) ( _nonstop $0 ) ( _round_trip $0 ) ( _from $0 new_york:_ci ) ( _to $0 miami:_ci ) ) )
show me all round trip flights from miami to new york nonstop	( _lambda $0 e ( _and ( _flight $0 ) ( _nonstop $0 ) ( _round_trip $0 ) ( _from $0 miami:_ci ) ( _to $0 new_york:_ci ) ) )
show me one way flights from indianapolis to memphis before 10am on any day	( _lambda $0 e ( _and ( _flight $0 ) ( _oneway $0 ) ( _< ( _departure_time $0 ) 1000:_ti ) ( _from $0 indianapolis:_ci ) ( _to $0 memphis:_ci ) ) )
what does fare code f mean	f:_fb
show me round trip flights from burbank to tacoma	( _lambda $0 e ( _and ( _flight $0 ) ( _round_trip $0 ) ( _from $0 burbank:_ci ) ( _to $0 tacoma:_ci ) ) )
what does the restriction ap58 mean	ap_58:_rc
what does fare code h mean	h:_fb
what airline is as	as:_al
what airline is as	as:_al
what airline is as	as:_al
what airline is a s as in sam	as:_al
show me nonstop flights from st. petersburg to toronto	( _lambda $0 e ( _and ( _flight $0 ) ( _nonstop $0 ) ( _from $0 st_petersburg:_ci ) ( _to $0 toronto:_ci ) ) )
show me nonstop flights from toronto to st. petersburg	( _lambda $0 e ( _and ( _flight $0 ) ( _nonstop $0 ) ( _from $0 toronto:_ci ) ( _to $0 st_petersburg:_ci ) ) )
show me the nonstop flights and fares from toronto to st. petersburg	( _lambda $0 e ( _and ( _flight $0 ) ( _nonstop $0 ) ( _from $0 toronto:_ci ) ( _to $0 st_petersburg:_ci ) ) )
show me the nonstop flights from toronto to st. petersburg	( _lambda $0 e ( _and ( _flight $0 ) ( _nonstop $0 ) ( _from $0 toronto:_ci ) ( _to $0 st_petersburg:_ci ) ) )
show me weekday flights from milwaukee to orlando one way	( _lambda $0 e ( _and ( _flight $0 ) ( _oneway $0 ) ( _from $0 milwaukee:_ci ) ( _to $0 orlando:_ci ) ( _weekday $0 ) ) )
show me weekday flights from milwaukee to orlando one way	( _lambda $0 e ( _and ( _flight $0 ) ( _oneway $0 ) ( _from $0 milwaukee:_ci ) ( _to $0 orlando:_ci ) ( _weekday $0 ) ) )
what airline is hp	hp:_al
list flights from chicago to san diego	( _lambda $0 e ( _and ( _flight $0 ) ( _from $0 chicago:_ci ) ( _to $0 san_diego:_ci ) ) )
list flights from chicago to san diego	( _lambda $0 e ( _and ( _flight $0 ) ( _from $0 chicago:_ci ) ( _to $0 san_diego:_ci ) ) )
list flights from kansas city to denver	( _lambda $0 e ( _and ( _flight $0 ) ( _from $0 kansas_city:_ci ) ( _to $0 denver:_ci ) ) )
list flights from denver to phoenix	( _lambda $0 e ( _and ( _flight $0 ) ( _from $0 denver:_ci ) ( _to $0 phoenix:_ci ) ) )
list flights from phoenix to las vegas	( _lambda $0 e ( _and ( _flight $0 ) ( _from $0 phoenix:_ci ) ( _to $0 las_vegas:_ci ) ) )
list flights from las vegas to san diego	( _lambda $0 e ( _and ( _flight $0 ) ( _from $0 las_vegas:_ci ) ( _to $0 san_diego:_ci ) ) )
list flights from chicago to kansas city in the morning	( _lambda $0 e ( _and ( _flight $0 ) ( _during_day $0 morning:_pd ) ( _from $0 chicago:_ci ) ( _to $0 kansas_city:_ci ) ) )
list flights from houston to san jose	( _lambda $0 e ( _and ( _flight $0 ) ( _from $0 houston:_ci ) ( _to $0 san_jose:_ci ) ) )
list flights from houston to milwaukee	( _lambda $0 e ( _and ( _flight $0 ) ( _from $0 houston:_ci ) ( _to $0 milwaukee:_ci ) ) )
list flights from milwaukee to san jose on wednesday	( _lambda $0 e ( _and ( _flight $0 ) ( _from $0 milwaukee:_ci ) ( _to $0 san_jose:_ci ) ( _day $0 wednesday:_da ) ) )
list flights from san jose to dallas on friday	( _lambda $0 e ( _and ( _flight $0 ) ( _from $0 san_jose:_ci ) ( _to $0 dallas:_ci ) ( _day $0 friday:_da ) ) )
list flights from dallas to houston	( _lambda $0 e ( _and ( _flight $0 ) ( _from $0 dallas:_ci ) ( _to $0 houston:_ci ) ) )
list distance from airports to downtown in new york	( _lambda $0 e ( _and ( _miles_distant $0 ) ( _to_city $0 new_york:_ci ) ( _from_airport $0 new_york:_ci ) ) )
list airports in new york	( _lambda $0 e ( _and ( _airport $0 ) ( _loc:_t $0 new_york:_ci ) ) )
list airports in new york	( _lambda $0 e ( _and ( _airport $0 ) ( _loc:_t $0 new_york:_ci ) ) )
list airports in la	( _lambda $0 e ( _and ( _airport $0 ) ( _loc:_t $0 los_angeles:_ci ) ) )
list airports	( _lambda $0 e ( _airport $0 ) )
list airports in la	( _lambda $0 e ( _and ( _airport $0 ) ( _loc:_t $0 los_angeles:_ci ) ) )
list airports in la	( _lambda $0 e ( _and ( _airport $0 ) ( _loc:_t $0 los_angeles:_ci ) ) )
list the airports in la	( _lambda $0 e ( _and ( _airport $0 ) ( _loc:_t $0 los_angeles:_ci ) ) )
list la	los_angeles:_ci
list la	los_angeles:_ci
list flights from new york to la	( _lambda $0 e ( _and ( _flight $0 ) ( _from $0 new_york:_ci ) ( _to $0 los_angeles:_ci ) ) )
list flights from la guardia to burbank	( _lambda $0 e ( _and ( _flight $0 ) ( _from $0 lga:_ap ) ( _to $0 burbank:_ci ) ) )
list flights from la to orlando	( _lambda $0 e ( _and ( _flight $0 ) ( _from $0 los_angeles:_ci ) ( _to $0 orlando:_ci ) ) )
list flights from ontario california to orlando	( _lambda $0 e ( _and ( _flight $0 ) ( _from $0 ontario:_ci ) ( _to $0 orlando:_ci ) ) )
list flights from ontario california to orlando	( _lambda $0 e ( _and ( _flight $0 ) ( _from $0 ontario:_ci ) ( _to $0 orlando:_ci ) ) )
list flights from indianapolis to memphis with fares on monday	( _lambda $0 e ( _lambda $1 e ( _and ( _flight $0 ) ( _from $0 indianapolis:_ci ) ( _to $0 memphis:_ci ) ( _day $0 monday:_da ) ( _= ( _fare $0 ) $1 ) ) ) )
list flights from indianapolis to memphis on monday	( _lambda $0 e ( _and ( _flight $0 ) ( _from $0 indianapolis:_ci ) ( _to $0 memphis:_ci ) ( _day $0 monday:_da ) ) )
list flights from memphis to miami on wednesday	( _lambda $0 e ( _and ( _flight $0 ) ( _from $0 memphis:_ci ) ( _to $0 miami:_ci ) ( _day $0 wednesday:_da ) ) )
list flights from miami to indianapolis on sunday	( _lambda $0 e ( _and ( _flight $0 ) ( _from $0 miami:_ci ) ( _to $0 indianapolis:_ci ) ( _day $0 sunday:_da ) ) )
list flights from charlotte on saturday afternoon	( _lambda $0 e ( _and ( _flight $0 ) ( _during_day $0 afternoon:_pd ) ( _from $0 charlotte:_ci ) ( _day $0 saturday:_da ) ) )
list type of aircraft for all flights from charlotte	( _lambda $0 e ( _exists $1 ( _and ( _flight $1 ) ( _from $1 charlotte:_ci ) ( _= ( _aircraft_code $1 ) $0 ) ) ) )
list flights and fares from tacoma to orlando round trip leaving saturday returning next saturday	( _lambda $0 e ( _lambda $1 e ( _and ( _flight $0 ) ( _round_trip $0 ) ( _from $0 tacoma:_ci ) ( _to $0 orlando:_ci ) ( _day $0 saturday:_da ) ( _= ( _fare $0 ) $1 ) ) ) )
what class is fare code q	q:_fb
list flights from orlando to tacoma on saturday of fare basis code of q	( _lambda $0 e ( _and ( _flight $0 ) ( _fare_basis_code $0 q:_fb ) ( _from $0 orlando:_ci ) ( _to $0 tacoma:_ci ) ( _day $0 saturday:_da ) ) )
list airfares for first class round trip from detroit to st. petersburg	( _lambda $0 e ( _exists $1 ( _and ( _round_trip $1 ) ( _class_type $1 first:_cl ) ( _from $1 detroit:_ci ) ( _to $1 st_petersburg:_ci ) ( _= ( _fare $1 ) $0 ) ) ) )
list coach round trip airfare from detroit to st. petersburg	( _lambda $0 e ( _exists $1 ( _and ( _round_trip $1 ) ( _class_type $1 coach:_cl ) ( _from $1 detroit:_ci ) ( _to $1 st_petersburg:_ci ) ( _= ( _fare $1 ) $0 ) ) ) )
list flights from pittsburgh to newark on monday morning	( _lambda $0 e ( _and ( _flight $0 ) ( _during_day $0 morning:_pd ) ( _from $0 pittsburgh:_ci ) ( _to $0 newark:_ci ) ( _day $0 monday:_da ) ) )
list flights from minneapolis to pittsburgh on friday	( _lambda $0 e ( _and ( _flight $0 ) ( _from $0 minneapolis:_ci ) ( _to $0 pittsburgh:_ci ) ( _day $0 friday:_da ) ) )
list flights before 9am from cincinnati to tampa	( _lambda $0 e ( _and ( _flight $0 ) ( _< ( _departure_time $0 ) 900:_ti ) ( _from $0 cincinnati:_ci ) ( _to $0 tampa:_ci ) ) )
list flights from cincinnati to tampa before noon	( _lambda $0 e ( _and ( _flight $0 ) ( _< ( _departure_time $0 ) 1200:_ti ) ( _from $0 cincinnati:_ci ) ( _to $0 tampa:_ci ) ) )
list flights from tampa to cincinnati after 3pm	( _lambda $0 e ( _and ( _flight $0 ) ( _> ( _departure_time $0 ) 1500:_ti ) ( _from $0 tampa:_ci ) ( _to $0 cincinnati:_ci ) ) )
list airlines that fly from seattle to salt lake city	( _lambda $0 e ( _and ( _airline $0 ) ( _exists $1 ( _and ( _flight $1 ) ( _from $1 seattle:_ci ) ( _to $1 salt_lake_city:_ci ) ( _= ( _airline:_e $1 ) $0 ) ) ) ) )
list delta flights from seattle to salt lake city	( _lambda $0 e ( _and ( _flight $0 ) ( _airline $0 dl:_al ) ( _from $0 seattle:_ci ) ( _to $0 salt_lake_city:_ci ) ) )
list seating capacities of delta flights from seattle to salt lake city	( _lambda $0 e ( _exists $1 ( _and ( _flight $1 ) ( _airline $1 dl:_al ) ( _from $1 seattle:_ci ) ( _to $1 salt_lake_city:_ci ) ( _= ( _capacity $1 ) $0 ) ) ) )
list delta flights from seattle to salt lake city with aircraft type	( _lambda $0 e ( _lambda $1 e ( _and ( _flight $0 ) ( _airline $0 dl:_al ) ( _from $0 seattle:_ci ) ( _to $0 salt_lake_city:_ci ) ( _aircraft_code $0 $1 ) ) ) )
what ground transportation is there in baltimore	( _lambda $0 e ( _and ( _ground_transport $0 ) ( _to_city $0 baltimore:_ci ) ) )
list ground transportation in baltimore	( _lambda $0 e ( _and ( _ground_transport $0 ) ( _to_city $0 baltimore:_ci ) ) )
list flights from baltimore to san francisco on friday	( _lambda $0 e ( _and ( _flight $0 ) ( _from $0 baltimore:_ci ) ( _to $0 san_francisco:_ci ) ( _day $0 friday:_da ) ) )
give me the flights from los angeles to pittsburgh on tuesday	( _lambda $0 e ( _and ( _flight $0 ) ( _from $0 los_angeles:_ci ) ( _to $0 pittsburgh:_ci ) ( _day $0 tuesday:_da ) ) )
give me the flights from pittsburgh to los angeles thursday evening	( _lambda $0 e ( _and ( _flight $0 ) ( _during_day $0 evening:_pd ) ( _from $0 pittsburgh:_ci ) ( _to $0 los_angeles:_ci ) ( _day $0 thursday:_da ) ) )
give me the round trip flights from cleveland to miami next wednesday	( _lambda $0 e ( _and ( _flight $0 ) ( _round_trip $0 ) ( _from $0 cleveland:_ci ) ( _to $0 miami:_ci ) ( _day $0 wednesday:_da ) ) )
give me the fares for round trip flights from cleveland to miami next wednesday	( _lambda $0 e ( _exists $1 ( _and ( _flight $1 ) ( _round_trip $1 ) ( _from $1 cleveland:_ci ) ( _to $1 miami:_ci ) ( _day $1 wednesday:_da ) ( _= ( _fare $1 ) $0 ) ) ) )
give me the flights and fares for a trip to cleveland from miami on wednesday	( _lambda $0 e ( _lambda $1 e ( _and ( _flight $0 ) ( _from $0 miami:_ci ) ( _to $0 cleveland:_ci ) ( _day $0 wednesday:_da ) ( _= ( _fare $0 ) $1 ) ) ) )
give me the fares from miami to cleveland next sunday	( _lambda $0 e ( _exists $1 ( _and ( _from $1 miami:_ci ) ( _to $1 cleveland:_ci ) ( _day $1 sunday:_da ) ( _= ( _fare $1 ) $0 ) ) ) )
give me the flights from milwaukee to phoenix on saturday or sunday on american airlines	( _lambda $0 e ( _and ( _flight $0 ) ( _airline $0 aa:_al ) ( _from $0 milwaukee:_ci ) ( _to $0 phoenix:_ci ) ( _or ( _day $0 saturday:_da ) ( _day $0 sunday:_da ) ) ) )
give me the flights from phoenix to milwaukee on wednesday evening	( _lambda $0 e ( _and ( _flight $0 ) ( _during_day $0 evening:_pd ) ( _from $0 phoenix:_ci ) ( _to $0 milwaukee:_ci ) ( _day $0 wednesday:_da ) ) )
give me the flights from phoenix to milwaukee on wednesday on american airlines	( _lambda $0 e ( _and ( _flight $0 ) ( _airline $0 aa:_al ) ( _from $0 phoenix:_ci ) ( _to $0 milwaukee:_ci ) ( _day $0 wednesday:_da ) ) )
give me the flights from phoenix to milwaukee on american airlines	( _lambda $0 e ( _and ( _flight $0 ) ( _airline $0 aa:_al ) ( _from $0 phoenix:_ci ) ( _to $0 milwaukee:_ci ) ) )
give me the flights from phoenix to milwaukee	( _lambda $0 e ( _and ( _flight $0 ) ( _from $0 phoenix:_ci ) ( _to $0 milwaukee:_ci ) ) )
give me the meal flights departing early saturday morning from chicago to seattle nonstop	( _lambda $0 e ( _and ( _flight $0 ) ( _nonstop $0 ) ( _has_meal $0 ) ( _during_day $0 early:_pd ) ( _during_day $0 morning:_pd ) ( _from $0 chicago:_ci ) ( _to $0 seattle:_ci ) ( _day $0 saturday:_da ) ) )
give me the flights from chicago to seattle saturday morning that have meals	( _lambda $0 e ( _and ( _flight $0 ) ( _has_meal $0 ) ( _during_day $0 morning:_pd ) ( _from $0 chicago:_ci ) ( _to $0 seattle:_ci ) ( _day $0 saturday:_da ) ) )
give me flights from seattle to chicago that have meals on continental	( _lambda $0 e ( _and ( _flight $0 ) ( _has_meal $0 ) ( _airline $0 co:_al ) ( _from $0 seattle:_ci ) ( _to $0 chicago:_ci ) ) )
give me the flights from seattle to chicago that have meals on continental saturday morning	( _lambda $0 e ( _and ( _flight $0 ) ( _has_meal $0 ) ( _airline $0 co:_al ) ( _during_day $0 morning:_pd ) ( _from $0 seattle:_ci ) ( _to $0 chicago:_ci ) ( _day $0 saturday:_da ) ) )
give me the flights from chicago to seattle on continental that have meals early saturday morning	( _lambda $0 e ( _and ( _flight $0 ) ( _has_meal $0 ) ( _airline $0 co:_al ) ( _during_day $0 early:_pd ) ( _during_day $0 morning:_pd ) ( _from $0 chicago:_ci ) ( _to $0 seattle:_ci ) ( _day $0 saturday:_da ) ) )
give me a combination of continental flights from chicago to seattle that have meals early saturday morning	( _lambda $0 e ( _and ( _flight $0 ) ( _has_meal $0 ) ( _airline $0 co:_al ) ( _during_day $0 early:_pd ) ( _during_day $0 morning:_pd ) ( _from $0 chicago:_ci ) ( _to $0 seattle:_ci ) ( _day $0 saturday:_da ) ) )
give me the saturday morning flights with meals from chicago to minneapolis	( _lambda $0 e ( _and ( _flight $0 ) ( _has_meal $0 ) ( _during_day $0 morning:_pd ) ( _from $0 chicago:_ci ) ( _to $0 minneapolis:_ci ) ( _day $0 saturday:_da ) ) )
give me the saturday morning flights on continental that have meals from chicago to minneapolis	( _lambda $0 e ( _and ( _flight $0 ) ( _has_meal $0 ) ( _airline $0 co:_al ) ( _during_day $0 morning:_pd ) ( _from $0 chicago:_ci ) ( _to $0 minneapolis:_ci ) ( _day $0 saturday:_da ) ) )
give me the saturday morning flights from chicago to st. paul on continental that have meals	( _lambda $0 e ( _and ( _flight $0 ) ( _has_meal $0 ) ( _airline $0 co:_al ) ( _during_day $0 morning:_pd ) ( _from $0 chicago:_ci ) ( _to $0 st_paul:_ci ) ( _day $0 saturday:_da ) ) )
give me the flights from new york to las vegas nonstop	( _lambda $0 e ( _and ( _flight $0 ) ( _nonstop $0 ) ( _from $0 new_york:_ci ) ( _to $0 las_vegas:_ci ) ) )
give me the flights from memphis to las vegas nonstop	( _lambda $0 e ( _and ( _flight $0 ) ( _nonstop $0 ) ( _from $0 memphis:_ci ) ( _to $0 las_vegas:_ci ) ) )
give me the cheapest round trip flights from indianapolis to orlando around december twenty fifth	( _argmin $0 ( _and ( _flight $0 ) ( _from $0 indianapolis:_ci ) ( _to $0 orlando:_ci ) ( _day_number $0 25:_dn ) ( _month $0 december:_mn ) ( _round_trip $0 ) ) ( _fare $0 ) )
i need a friday flight from newark to tampa	( _lambda $0 e ( _and ( _flight $0 ) ( _from $0 newark:_ci ) ( _to $0 tampa:_ci ) ( _day $0 friday:_da ) ) )
i need a sunday flight from tampa to charlotte	( _lambda $0 e ( _and ( _flight $0 ) ( _from $0 tampa:_ci ) ( _to $0 charlotte:_ci ) ( _day $0 sunday:_da ) ) )
give me a flight from charlotte to baltimore on tuesday morning	( _lambda $0 e ( _and ( _flight $0 ) ( _during_day $0 morning:_pd ) ( _from $0 charlotte:_ci ) ( _to $0 baltimore:_ci ) ( _day $0 tuesday:_da ) ) )
can i have a morning flight from baltimore to newark please	( _lambda $0 e ( _and ( _flight $0 ) ( _during_day $0 morning:_pd ) ( _from $0 baltimore:_ci ) ( _to $0 newark:_ci ) ) )
cheapest round trip fare from indianapolis to orlando on december twenty fifth	( _min $0 ( _exists $1 ( _and ( _from $1 indianapolis:_ci ) ( _to $1 orlando:_ci ) ( _day_number $1 25:_dn ) ( _month $1 december:_mn ) ( _round_trip $1 ) ( _= ( _fare $1 ) $0 ) ) ) )
cheapest one way fare from indianapolis to orlando on december twenty seventh	( _min $0 ( _exists $1 ( _and ( _oneway $1 ) ( _from $1 indianapolis:_ci ) ( _to $1 orlando:_ci ) ( _day_number $1 27:_dn ) ( _month $1 december:_mn ) ( _= ( _fare $1 ) $0 ) ) ) )
flight number from dallas to houston	( _lambda $0 e ( _exists $1 ( _and ( _from $1 dallas:_ci ) ( _to $1 houston:_ci ) ( _= ( _flight_number $1 ) $0 ) ) ) )
flight number from houston to dallas	( _lambda $0 e ( _exists $1 ( _and ( _from $1 houston:_ci ) ( _to $1 dallas:_ci ) ( _= ( _flight_number $1 ) $0 ) ) ) )
saturday flight on american airlines from milwaukee to phoenix	( _lambda $0 e ( _and ( _flight $0 ) ( _airline $0 aa:_al ) ( _from $0 milwaukee:_ci ) ( _to $0 phoenix:_ci ) ( _day $0 saturday:_da ) ) )
flight numbers on american airlines from phoenix to milwaukee	( _lambda $0 e ( _exists $1 ( _and ( _airline $1 aa:_al ) ( _from $1 phoenix:_ci ) ( _to $1 milwaukee:_ci ) ( _= ( _flight_number $1 ) $0 ) ) ) )
flight numbers from chicago to seattle	( _lambda $0 e ( _exists $1 ( _and ( _from $1 chicago:_ci ) ( _to $1 seattle:_ci ) ( _= ( _flight_number $1 ) $0 ) ) ) )
flight numbers from chicago to seattle on continental	( _lambda $0 e ( _exists $1 ( _and ( _airline $1 co:_al ) ( _from $1 chicago:_ci ) ( _to $1 seattle:_ci ) ( _= ( _flight_number $1 ) $0 ) ) ) )
flight numbers from seattle to chicago on continental	( _lambda $0 e ( _exists $1 ( _and ( _airline $1 co:_al ) ( _from $1 seattle:_ci ) ( _to $1 chicago:_ci ) ( _= ( _flight_number $1 ) $0 ) ) ) )
is there a fare from pittsburgh to cleveland under 200 dollars	( _lambda $0 e ( _and ( _< ( _fare $0 ) 200:_do ) ( _exists $1 ( _and ( _= ( _fare $1 ) $0 ) ( _from $1 pittsburgh:_ci ) ( _to $1 cleveland:_ci ) ) ) ) )
how much is coach flight from pittsburgh to atlanta	( _lambda $0 e ( _exists $1 ( _and ( _flight $1 ) ( _class_type $1 coach:_cl ) ( _from $1 pittsburgh:_ci ) ( _to $1 atlanta:_ci ) ( _= ( _fare $1 ) $0 ) ) ) )
newark to tampa on friday	( _lambda $0 e ( _and ( _from $0 newark:_ci ) ( _to $0 tampa:_ci ) ( _day $0 friday:_da ) ) )
tampa to charlotte sunday morning	( _lambda $0 e ( _and ( _during_day $0 morning:_pd ) ( _from $0 tampa:_ci ) ( _to $0 charlotte:_ci ) ( _day $0 sunday:_da ) ) )
charlotte to baltimore on tuesday	( _lambda $0 e ( _and ( _from $0 charlotte:_ci ) ( _to $0 baltimore:_ci ) ( _day $0 tuesday:_da ) ) )
baltimore to newark wednesday morning	( _lambda $0 e ( _and ( _during_day $0 morning:_pd ) ( _from $0 baltimore:_ci ) ( _to $0 newark:_ci ) ( _day $0 wednesday:_da ) ) )
dallas to houston after 1201am	( _lambda $0 e ( _and ( _> ( _departure_time $0 ) 1:_ti ) ( _from $0 dallas:_ci ) ( _to $0 houston:_ci ) ) )
houston to dallas before midnight	( _lambda $0 e ( _and ( _< ( _departure_time $0 ) 0:_ti ) ( _from $0 houston:_ci ) ( _to $0 dallas:_ci ) ) )
indianapolis to orlando december twenty seventh	( _lambda $0 e ( _and ( _from $0 indianapolis:_ci ) ( _to $0 orlando:_ci ) ( _day_number $0 27:_dn ) ( _month $0 december:_mn ) ) )
cheapest fare from indianapolis to orlando on the twenty seventh of december	( _min $0 ( _exists $1 ( _and ( _from $1 indianapolis:_ci ) ( _to $1 orlando:_ci ) ( _day_number $1 27:_dn ) ( _month $1 december:_mn ) ( _= ( _fare $1 ) $0 ) ) ) )
cheapest fare round trip from indianapolis to orlando on december twenty seventh	( _min $0 ( _exists $1 ( _and ( _from $1 indianapolis:_ci ) ( _to $1 orlando:_ci ) ( _day_number $1 27:_dn ) ( _month $1 december:_mn ) ( _round_trip $1 ) ( _= ( _fare $1 ) $0 ) ) ) )
cleveland to miami on wednesday arriving before 4pm	( _lambda $0 e ( _and ( _< ( _arrival_time $0 ) 1600:_ti ) ( _from $0 cleveland:_ci ) ( _to $0 miami:_ci ) ( _day $0 wednesday:_da ) ) )
miami to cleveland sunday afternoon	( _lambda $0 e ( _and ( _during_day $0 afternoon:_pd ) ( _from $0 miami:_ci ) ( _to $0 cleveland:_ci ) ( _day $0 sunday:_da ) ) )
new york city to las vegas and memphis to las vegas on sunday	( _lambda $0 e ( _and ( _or ( _and ( _from $0 new_york:_ci ) ( _to $0 las_vegas:_ci ) ) ( _and ( _from $0 new_york:_ci ) ( _to $0 las_vegas:_ci ) ) ) ( _day $0 sunday:_da ) ) )
new york city to las vegas and memphis to las vegas on sunday	( _lambda $0 e ( _and ( _or ( _and ( _from $0 new_york:_ci ) ( _to $0 las_vegas:_ci ) ) ( _and ( _from $0 new_york:_ci ) ( _to $0 las_vegas:_ci ) ) ) ( _day $0 sunday:_da ) ) )
new york to las vegas sunday afternoon	( _lambda $0 e ( _and ( _during_day $0 afternoon:_pd ) ( _from $0 new_york:_ci ) ( _to $0 las_vegas:_ci ) ( _day $0 sunday:_da ) ) )
memphis to las vegas sunday afternoon	( _lambda $0 e ( _and ( _during_day $0 afternoon:_pd ) ( _from $0 memphis:_ci ) ( _to $0 las_vegas:_ci ) ( _day $0 sunday:_da ) ) )
new york to las vegas on sunday afternoon	( _lambda $0 e ( _and ( _during_day $0 afternoon:_pd ) ( _from $0 new_york:_ci ) ( _to $0 las_vegas:_ci ) ( _day $0 sunday:_da ) ) )
chicago to seattle saturday morning	( _lambda $0 e ( _and ( _during_day $0 morning:_pd ) ( _from $0 chicago:_ci ) ( _to $0 seattle:_ci ) ( _day $0 saturday:_da ) ) )
chicago to las vegas saturday morning	( _lambda $0 e ( _and ( _during_day $0 morning:_pd ) ( _from $0 chicago:_ci ) ( _to $0 las_vegas:_ci ) ( _day $0 saturday:_da ) ) )
los angeles to pittsburgh afternoon tuesday	( _lambda $0 e ( _and ( _during_day $0 afternoon:_pd ) ( _from $0 los_angeles:_ci ) ( _to $0 pittsburgh:_ci ) ( _day $0 tuesday:_da ) ) )
los angeles to pittsburgh afternoon on monday	( _lambda $0 e ( _and ( _during_day $0 afternoon:_pd ) ( _from $0 los_angeles:_ci ) ( _to $0 pittsburgh:_ci ) ( _day $0 monday:_da ) ) )
pittsburgh to los angeles thursday evening	( _lambda $0 e ( _and ( _during_day $0 evening:_pd ) ( _from $0 pittsburgh:_ci ) ( _to $0 los_angeles:_ci ) ( _day $0 thursday:_da ) ) )
milwaukee to phoenix on saturday	( _lambda $0 e ( _and ( _from $0 milwaukee:_ci ) ( _to $0 phoenix:_ci ) ( _day $0 saturday:_da ) ) )
phoenix to milwaukee on sunday	( _lambda $0 e ( _and ( _from $0 phoenix:_ci ) ( _to $0 milwaukee:_ci ) ( _day $0 sunday:_da ) ) )
phoenix to milwaukee on wednesday	( _lambda $0 e ( _and ( _from $0 phoenix:_ci ) ( _to $0 milwaukee:_ci ) ( _day $0 wednesday:_da ) ) )
a flight from baltimore to san francisco arriving between 5 and 8pm	( _lambda $0 e ( _and ( _flight $0 ) ( _> ( _arrival_time $0 ) 1700:_ti ) ( _< ( _arrival_time $0 ) 2000:_ti ) ( _from $0 baltimore:_ci ) ( _to $0 san_francisco:_ci ) ) )
how many northwest flights leave st. paul	( _count $0 ( _and ( _flight $0 ) ( _airline $0 nw:_al ) ( _from $0 st_paul:_ci ) ) )
how many northwest flights leave washington dc	( _count $0 ( _and ( _flight $0 ) ( _airline $0 nw:_al ) ( _from $0 washington:_ci ) ) )
how many flights does northwest have leaving dulles	( _count $0 ( _and ( _flight $0 ) ( _airline $0 nw:_al ) ( _from $0 iad:_ap ) ) )
what cities does northwest fly out of	( _lambda $0 e ( _and ( _city $0 ) ( _exists $1 ( _and ( _flight $1 ) ( _airline $1 nw:_al ) ( _from $1 $0 ) ) ) ) )
list the cities from which northwest flies	( _lambda $0 e ( _and ( _city $0 ) ( _exists $1 ( _and ( _flight $1 ) ( _airline $1 nw:_al ) ( _from $1 $0 ) ) ) ) )
what cities does northwest fly to	( _lambda $0 e ( _and ( _city $0 ) ( _exists $1 ( _and ( _flight $1 ) ( _airline $1 nw:_al ) ( _to $1 $0 ) ) ) ) )
i would like a connecting flight from dallas to san francisco leaving after 4 o'clock	( _lambda $0 e ( _and ( _flight $0 ) ( _connecting $0 ) ( _> ( _departure_time $0 ) 1600:_ti ) ( _from $0 dallas:_ci ) ( _to $0 san_francisco:_ci ) ) )
please list all the flights from dallas to san francisco	( _lambda $0 e ( _and ( _flight $0 ) ( _from $0 dallas:_ci ) ( _to $0 san_francisco:_ci ) ) )
tell me again the morning flights on american airlines from philadelphia to dallas	( _lambda $0 e ( _and ( _flight $0 ) ( _airline $0 aa:_al ) ( _during_day $0 morning:_pd ) ( _from $0 philadelphia:_ci ) ( _to $0 dallas:_ci ) ) )
tell me the flights that leave philadelphia and go to dallas	( _lambda $0 e ( _and ( _flight $0 ) ( _from $0 philadelphia:_ci ) ( _to $0 dallas:_ci ) ) )
what is a d9s	d9s:_ac
what type of plane is a d9s	d9s:_ac
what is a d9s	d9s:_ac
show me the airports serviced by tower air	( _lambda $0 e ( _and ( _airport $0 ) ( _services ff:_al $0 ) ) )
show me the first class and coach flights between jfk and orlando	( _lambda $0 e ( _and ( _flight $0 ) ( _or ( _class_type $0 first:_cl ) ( _class_type $0 coach:_cl ) ) ( _from $0 jfk:_ap ) ( _to $0 orlando:_ci ) ) )
show me the first class and coach flights from kennedy airport to miami	( _lambda $0 e ( _and ( _flight $0 ) ( _or ( _class_type $0 first:_cl ) ( _class_type $0 coach:_cl ) ) ( _from $0 jfk:_ap ) ( _to $0 miami:_ci ) ) )
show me the first class and coach flights from jfk to miami	( _lambda $0 e ( _and ( _flight $0 ) ( _or ( _class_type $0 first:_cl ) ( _class_type $0 coach:_cl ) ) ( _from $0 jfk:_ap ) ( _to $0 miami:_ci ) ) )
are meals ever served on tower air	( _lambda $0 e ( _and ( _airline $0 ff:_al ) ( _meal_code $0 ) ) )
are snacks served on tower air	( _lambda $0 e ( _and ( _meal $0 snack:_me ) ( _airline $0 ff:_al ) ) )
show delta airlines flights from jfk to miami	( _lambda $0 e ( _and ( _flight $0 ) ( _airline $0 dl:_al ) ( _from $0 jfk:_ap ) ( _to $0 miami:_ci ) ) )
show delta airlines from boston to salt lake	( _lambda $0 e ( _and ( _airline $0 dl:_al ) ( _from $0 boston:_ci ) ( _to $0 salt_lake_city:_ci ) ) )
show delta airlines flights from boston to salt lake	( _lambda $0 e ( _and ( _flight $0 ) ( _airline $0 dl:_al ) ( _from $0 boston:_ci ) ( _to $0 salt_lake_city:_ci ) ) )
show delta airlines flights from boston to salt lake city	( _lambda $0 e ( _and ( _flight $0 ) ( _airline $0 dl:_al ) ( _from $0 boston:_ci ) ( _to $0 salt_lake_city:_ci ) ) )
what are the fares for flights between boston and washington dc	( _lambda $0 e ( _exists $1 ( _and ( _flight $1 ) ( _from $1 boston:_ci ) ( _to $1 washington:_ci ) ( _= ( _fare $1 ) $0 ) ) ) )
what is the least expensive fare from boston to salt lake city	( _min $0 ( _exists $1 ( _and ( _from $1 boston:_ci ) ( _to $1 salt_lake_city:_ci ) ( _= ( _fare $1 ) $0 ) ) ) )
what are the lowest fares from washington dc to salt lake city	( _min $0 ( _exists $1 ( _and ( _from $1 washington:_ci ) ( _to $1 salt_lake_city:_ci ) ( _= ( _fare $1 ) $0 ) ) ) )
what is the lowest fare from bwi to salt lake city	( _min $0 ( _exists $1 ( _and ( _from $1 bwi:_ap ) ( _to $1 salt_lake_city:_ci ) ( _= ( _fare $1 ) $0 ) ) ) )
show me the cost of a first class ticket from detroit to las vegas and back	( _lambda $0 e ( _exists $1 ( _and ( _= ( _fare $1 ) $0 ) ( _to $1 las_vegas:_ci ) ( _from $1 detroit:_ci ) ( _class_type $1 first:_cl ) ) ) )
what is the earliest arriving flight from boston to washington dc	( _argmin $0 ( _and ( _flight $0 ) ( _from $0 boston:_ci ) ( _to $0 washington:_ci ) ) ( _arrival_time $0 ) )
what is the earliest arriving flight between boston and washington dc	( _argmin $0 ( _and ( _flight $0 ) ( _from $0 boston:_ci ) ( _to $0 washington:_ci ) ) ( _arrival_time $0 ) )
what's the earliest arriving flight between boston and washington dc	( _argmin $0 ( _and ( _flight $0 ) ( _from $0 boston:_ci ) ( _to $0 washington:_ci ) ) ( _arrival_time $0 ) )
what is the earliest arriving flight from houston to orlando	( _argmin $0 ( _and ( _flight $0 ) ( _from $0 houston:_ci ) ( _to $0 orlando:_ci ) ) ( _arrival_time $0 ) )
what is the earliest arriving flight from houston to orlando	( _argmin $0 ( _and ( _flight $0 ) ( _from $0 houston:_ci ) ( _to $0 orlando:_ci ) ) ( _arrival_time $0 ) )
show me the flights between houston and orlando	( _lambda $0 e ( _and ( _flight $0 ) ( _from $0 houston:_ci ) ( _to $0 orlando:_ci ) ) )
show me the flights between houston and orlando	( _lambda $0 e ( _and ( _flight $0 ) ( _from $0 houston:_ci ) ( _to $0 orlando:_ci ) ) )
show me the flights from houston to orlando	( _lambda $0 e ( _and ( _flight $0 ) ( _from $0 houston:_ci ) ( _to $0 orlando:_ci ) ) )
list all flights leaving denver between 8pm and 9pm	( _lambda $0 e ( _and ( _< ( _departure_time $0 ) 2100:_ti ) ( _> ( _departure_time $0 ) 2000:_ti ) ( _from $0 denver:_ci ) ( _flight $0 ) ) )
what is the seating capacity on the aircraft 733	( _capacity 733:_ac )
what is the seating capacity of a 72s	( _capacity 72s:_ac )
what is the seating capacity of the aircraft 72s	( _capacity 72s:_ac )
what is the seating capacity of the aircraft m80	( _capacity m80:_ac )
what is the seating capacity of the type of aircraft m80	( _capacity m80:_ac )
what is the seating capacity of an m80	( _capacity m80:_ac )
what airlines serve denver	( _lambda $0 e ( _and ( _airline $0 ) ( _services $0 denver:_ci ) ) )
list the airlines with flights to or from denver	( _lambda $0 e ( _and ( _airline $0 ) ( _exists $1 ( _and ( _flight $1 ) ( _or ( _from $1 denver:_ci ) ( _to $1 denver:_ci ) ) ( _= ( _airline:_e $1 ) $0 ) ) ) ) )
what airlines fly into denver	( _lambda $0 e ( _and ( _airline $0 ) ( _exists $1 ( _and ( _flight $1 ) ( _to $1 denver:_ci ) ( _= ( _airline:_e $1 ) $0 ) ) ) ) )
list all flights arriving in denver between 8 and 9pm	( _lambda $0 e ( _and ( _flight $0 ) ( _> ( _arrival_time $0 ) 2000:_ti ) ( _< ( _arrival_time $0 ) 2100:_ti ) ( _to $0 denver:_ci ) ) )
what is the capacity of the 73s	( _capacity 73s:_ac )
what is 73s	73s:_ac
what is seating capacity on the aircraft 73s	( _capacity 73s:_ac )
what is the seating capacity of a 757	( _capacity 757:_ac )
how many people will a 757 hold	( _capacity 757:_ac )
how many passengers can fly on a 757	( _capacity 757:_ac )
list all of the daily flights arriving in denver between 8 and 9pm	( _lambda $0 e ( _and ( _flight $0 ) ( _daily $0 ) ( _> ( _arrival_time $0 ) 2000:_ti ) ( _< ( _arrival_time $0 ) 2100:_ti ) ( _to $0 denver:_ci ) ) )
list all of the daily flights arriving in denver from 8 to 9pm	( _lambda $0 e ( _and ( _flight $0 ) ( _daily $0 ) ( _> ( _arrival_time $0 ) 2000:_ti ) ( _< ( _arrival_time $0 ) 2100:_ti ) ( _to $0 denver:_ci ) ) )
show me all of the daily flights arriving in denver between 8pm and 9pm	( _lambda $0 e ( _and ( _flight $0 ) ( _daily $0 ) ( _> ( _arrival_time $0 ) 2000:_ti ) ( _< ( _arrival_time $0 ) 2100:_ti ) ( _to $0 denver:_ci ) ) )
what is the seating capacity of the 757	( _capacity 757:_ac )
tell me about the m80 aircraft	m80:_ac
tell me about the m80 aircraft	m80:_ac
tell me about the type of aircraft called an m80	m80:_ac
what is the seating capacity of the 733	( _capacity 733:_ac )
what is the seating capacity of the m80	( _capacity m80:_ac )
what is the seating capacity on the aircraft m80	( _capacity m80:_ac )
list all flights arriving or leaving denver between 8 and 9pm	( _lambda $0 e ( _and ( _flight $0 ) ( _daily $0 ) ( _> ( _arrival_time $0 ) 2000:_ti ) ( _< ( _arrival_time $0 ) 2100:_ti ) ( _or ( _to $0 denver:_ci ) ( _from $0 denver:_ci ) ) ) )
list all flights arriving in denver between 8 and 9pm	( _lambda $0 e ( _and ( _flight $0 ) ( _daily $0 ) ( _> ( _arrival_time $0 ) 2000:_ti ) ( _< ( _arrival_time $0 ) 2100:_ti ) ( _to $0 denver:_ci ) ) )
list all flights on all types of aircraft arriving in denver between 8 and 9pm	( _lambda $0 e ( _and ( _flight $0 ) ( _daily $0 ) ( _> ( _arrival_time $0 ) 2000:_ti ) ( _< ( _arrival_time $0 ) 2100:_ti ) ( _to $0 denver:_ci ) ) )
please list all flights from nashville to memphis on monday morning	( _lambda $0 e ( _and ( _flight $0 ) ( _during_day $0 morning:_pd ) ( _from $0 nashville:_ci ) ( _to $0 memphis:_ci ) ( _day $0 monday:_da ) ) )
please list the flights from nashville to memphis on monday morning	( _lambda $0 e ( _and ( _flight $0 ) ( _during_day $0 morning:_pd ) ( _from $0 nashville:_ci ) ( _to $0 memphis:_ci ) ( _day $0 monday:_da ) ) )
is there ground transportation from the memphis airport into memphis town when if i arrive at 842 in the morning	( _lambda $0 e ( _and ( _ground_transport $0 ) ( _to_city $0 memphis:_ci ) ( _from_airport $0 memphis:_ci ) ) )
please list the flights from memphis to new york city on a monday night	( _lambda $0 e ( _and ( _flight $0 ) ( _during_day $0 late:_pd ) ( _from $0 memphis:_ci ) ( _to $0 new_york:_ci ) ( _day $0 monday:_da ) ) )
what is cvg	cvg:_ap
what ground transportation is available from la guardia airport into new york city	( _lambda $0 e ( _and ( _ground_transport $0 ) ( _to_city $0 new_york:_ci ) ( _from_airport $0 lga:_ap ) ) )
is there ground transportation from lga into new york city	( _lambda $0 e ( _and ( _ground_transport $0 ) ( _to_city $0 new_york:_ci ) ( _from_airport $0 lga:_ap ) ) )
please list the ground transportation from lga into new york city	( _lambda $0 e ( _and ( _ground_transport $0 ) ( _to_city $0 new_york:_ci ) ( _from_airport $0 lga:_ap ) ) )
please list ground transportation from ewr into new york city	( _lambda $0 e ( _and ( _ground_transport $0 ) ( _to_city $0 new_york:_ci ) ( _from_airport $0 ewr:_ap ) ) )
show me the morning flights from memphis to new york city	( _lambda $0 e ( _and ( _flight $0 ) ( _during_day $0 morning:_pd ) ( _from $0 memphis:_ci ) ( _to $0 new_york:_ci ) ) )
give me the flights from new york city to nashville leaving after 5pm on wednesday	( _lambda $0 e ( _and ( _flight $0 ) ( _> ( _departure_time $0 ) 1700:_ti ) ( _from $0 new_york:_ci ) ( _to $0 nashville:_ci ) ( _day $0 wednesday:_da ) ) )
tell me about the ground transportation from nashville airport	( _lambda $0 e ( _and ( _ground_transport $0 ) ( _from_airport $0 bna:_ap ) ) )
what are the nonstop flights from cincinnati to charlotte leaving after noon and arriving before 7pm	( _lambda $0 e ( _and ( _flight $0 ) ( _nonstop $0 ) ( _> ( _departure_time $0 ) 1200:_ti ) ( _< ( _arrival_time $0 ) 1900:_ti ) ( _from $0 cincinnati:_ci ) ( _to $0 charlotte:_ci ) ) )
how many flights does alaska airlines have to burbank	( _count $0 ( _and ( _flight $0 ) ( _airline $0 as:_al ) ( _to $0 burbank:_ci ) ) )
list the alaska airline flights from burbank to anywhere	( _lambda $0 e ( _and ( _flight $0 ) ( _airline $0 as:_al ) ( _from $0 burbank:_ci ) ) )
list the alaska airline flights from burbank	( _lambda $0 e ( _and ( _flight $0 ) ( _airline $0 as:_al ) ( _from $0 burbank:_ci ) ) )
which airline is as	as:_al
list the alaska airlines flights arriving in burbank	( _lambda $0 e ( _and ( _flight $0 ) ( _airline $0 as:_al ) ( _to $0 burbank:_ci ) ) )
list the alaska airlines flights departing from burbank	( _lambda $0 e ( _and ( _flight $0 ) ( _airline $0 as:_al ) ( _from $0 burbank:_ci ) ) )
list all alaska airlines flights	( _lambda $0 e ( _and ( _flight $0 ) ( _airline $0 as:_al ) ) )
list all flights departing from seattle	( _lambda $0 e ( _and ( _flight $0 ) ( _from $0 seattle:_ci ) ) )
list the flights from indianapolis to memphis that leave before noon	( _lambda $0 e ( _and ( _flight $0 ) ( _< ( _departure_time $0 ) 1200:_ti ) ( _from $0 indianapolis:_ci ) ( _to $0 memphis:_ci ) ) )
list the cheapest fare from charlotte to las vegas	( _min $0 ( _exists $1 ( _and ( _from $1 charlotte:_ci ) ( _to $1 las_vegas:_ci ) ( _= ( _fare $1 ) $0 ) ) ) )
i want a flight from los angeles to charlotte early in the morning	( _lambda $0 e ( _and ( _flight $0 ) ( _during_day $0 early:_pd ) ( _during_day $0 morning:_pd ) ( _from $0 los_angeles:_ci ) ( _to $0 charlotte:_ci ) ) )
i would like a morning flight from charlotte to newark	( _lambda $0 e ( _and ( _flight $0 ) ( _during_day $0 morning:_pd ) ( _from $0 charlotte:_ci ) ( _to $0 newark:_ci ) ) )
i'd like a morning flight from newark to los angeles	( _lambda $0 e ( _and ( _flight $0 ) ( _during_day $0 morning:_pd ) ( _from $0 newark:_ci ) ( _to $0 los_angeles:_ci ) ) )
i'd like an evening flight from newark to los angeles	( _lambda $0 e ( _and ( _flight $0 ) ( _during_day $0 evening:_pd ) ( _from $0 newark:_ci ) ( _to $0 los_angeles:_ci ) ) )
i would like a flight that leaves on sunday from montreal quebec to san diego california	( _lambda $0 e ( _and ( _flight $0 ) ( _from $0 montreal:_ci ) ( _to $0 san_diego:_ci ) ( _day $0 sunday:_da ) ) )
i would like a flight on tuesday which leaves from san diego to indianapolis indiana and that leaves in the afternoon	( _lambda $0 e ( _and ( _flight $0 ) ( _during_day $0 afternoon:_pd ) ( _from $0 san_diego:_ci ) ( _to $0 indianapolis:_ci ) ( _day $0 tuesday:_da ) ) )
i would like to leave thursday morning from indianapolis to toronto	( _lambda $0 e ( _and ( _during_day $0 morning:_pd ) ( _from $0 indianapolis:_ci ) ( _to $0 toronto:_ci ) ( _day $0 thursday:_da ) ) )
i would like a flight on friday morning from toronto to montreal	( _lambda $0 e ( _and ( _flight $0 ) ( _during_day $0 morning:_pd ) ( _from $0 toronto:_ci ) ( _to $0 montreal:_ci ) ( _day $0 friday:_da ) ) )
i would like a flight from cincinnati to burbank on american	( _lambda $0 e ( _and ( _flight $0 ) ( _airline $0 aa:_al ) ( _from $0 cincinnati:_ci ) ( _to $0 burbank:_ci ) ) )
what type of aircraft is used for the american flight leaving at 419pm	( _lambda $0 e ( _exists $1 ( _and ( _flight $1 ) ( _airline $1 aa:_al ) ( _departure_time $1 1619:_ti ) ( _= ( _aircraft_code $1 ) $0 ) ) ) )
i need a flight leaving kansas city to chicago leaving next wednesday and returning the following day	( _lambda $0 e ( _and ( _flight $0 ) ( _from $0 kansas_city:_ci ) ( _to $0 chicago:_ci ) ( _day $0 wednesday:_da ) ) )
what flights go from long beach to st. louis	( _lambda $0 e ( _and ( _flight $0 ) ( _from $0 long_beach:_ci ) ( _to $0 st_louis:_ci ) ) )
what are the flights from memphis to las vegas	( _lambda $0 e ( _and ( _flight $0 ) ( _from $0 memphis:_ci ) ( _to $0 las_vegas:_ci ) ) )
what are the flights from las vegas to ontario	( _lambda $0 e ( _and ( _flight $0 ) ( _from $0 las_vegas:_ci ) ( _to $0 ontario:_ci ) ) )
what are the flights from ontario to memphis	( _lambda $0 e ( _and ( _flight $0 ) ( _from $0 ontario:_ci ) ( _to $0 memphis:_ci ) ) )
what type of ground transportation is there at the las vegas airport	( _lambda $0 e ( _and ( _ground_transport $0 ) ( _from_airport $0 las:_ap ) ) )
is there taxi service at the ontario airport	( _lambda $0 e ( _and ( _taxi $0 ) ( _from_airport $0 ont:_ap ) ) )
what are the flights from tampa to milwaukee	( _lambda $0 e ( _and ( _flight $0 ) ( _from $0 tampa:_ci ) ( _to $0 milwaukee:_ci ) ) )
what are the flights from milwaukee to seattle	( _lambda $0 e ( _and ( _flight $0 ) ( _from $0 milwaukee:_ci ) ( _to $0 seattle:_ci ) ) )
what are the flights from la guardia to san jose on united	( _lambda $0 e ( _and ( _flight $0 ) ( _airline $0 ua:_al ) ( _from $0 lga:_ap ) ( _to $0 san_jose:_ci ) ) )
what are the flights on mondays that travel from charlotte north carolina to phoenix arizona	( _lambda $0 e ( _and ( _flight $0 ) ( _from $0 charlotte:_ci ) ( _to $0 phoenix:_ci ) ( _day $0 monday:_da ) ) )
what are the flights from phoenix arizona to st. paul minnesota on tuesday	( _lambda $0 e ( _and ( _flight $0 ) ( _from $0 phoenix:_ci ) ( _to $0 st_paul:_ci ) ( _day $0 tuesday:_da ) ) )
what are the flights on thursday leaving from st. paul minnesota to st. louis	( _lambda $0 e ( _and ( _flight $0 ) ( _from $0 st_paul:_ci ) ( _to $0 st_louis:_ci ) ( _day $0 thursday:_da ) ) )
what are the flights from st. louis to charlotte north carolina leaving on friday	( _lambda $0 e ( _and ( _flight $0 ) ( _from $0 st_louis:_ci ) ( _to $0 charlotte:_ci ) ( _day $0 friday:_da ) ) )
what are the flights from boston to orlando that stop in new york	( _lambda $0 e ( _and ( _flight $0 ) ( _from $0 boston:_ci ) ( _to $0 orlando:_ci ) ( _stop $0 new_york:_ci ) ) )
i need a morning flight from burbank to milwaukee on next monday	( _lambda $0 e ( _and ( _flight $0 ) ( _during_day $0 morning:_pd ) ( _from $0 burbank:_ci ) ( _to $0 milwaukee:_ci ) ( _day $0 monday:_da ) ) )
how about a flight from milwaukee to st. louis that leaves monday night	( _lambda $0 e ( _and ( _flight $0 ) ( _during_day $0 late:_pd ) ( _from $0 milwaukee:_ci ) ( _to $0 st_louis:_ci ) ( _day $0 monday:_da ) ) )
and a flight from st. louis to burbank that leaves tuesday afternoon	( _lambda $0 e ( _and ( _flight $0 ) ( _during_day $0 afternoon:_pd ) ( _from $0 st_louis:_ci ) ( _to $0 burbank:_ci ) ( _day $0 tuesday:_da ) ) )
how about a flight leaving tuesday night from st. louis to burbank	( _lambda $0 e ( _and ( _flight $0 ) ( _during_day $0 late:_pd ) ( _from $0 st_louis:_ci ) ( _to $0 burbank:_ci ) ( _day $0 tuesday:_da ) ) )
i need a flight from salt lake to newark airport that arrives on saturday before 6pm	( _lambda $0 e ( _and ( _flight $0 ) ( _< ( _arrival_time $0 ) 1800:_ti ) ( _from $0 salt_lake_city:_ci ) ( _to $0 ewr:_ap ) ( _day_arrival $0 saturday:_da ) ) )
i'd like a flight from cincinnati to newark airport that arrives on saturday before 6pm	( _lambda $0 e ( _and ( _flight $0 ) ( _< ( _arrival_time $0 ) 1800:_ti ) ( _from $0 cincinnati:_ci ) ( _to $0 ewr:_ap ) ( _day_arrival $0 saturday:_da ) ) )
i need a flight on american airlines from miami to chicago that arrives around 5pm	( _lambda $0 e ( _and ( _flight $0 ) ( _airline $0 aa:_al ) ( _approx_arrival_time $0 1700:_ti ) ( _from $0 miami:_ci ) ( _to $0 chicago:_ci ) ) )
i need a flight from memphis to tacoma that goes through los angeles	( _lambda $0 e ( _and ( _flight $0 ) ( _from $0 memphis:_ci ) ( _to $0 tacoma:_ci ) ( _stop $0 los_angeles:_ci ) ) )
what are the flights between cincinnati and san jose california which leave after 6pm	( _lambda $0 e ( _and ( _flight $0 ) ( _> ( _departure_time $0 ) 1800:_ti ) ( _from $0 cincinnati:_ci ) ( _to $0 san_jose:_ci ) ) )
what are the nonstop flights between san jose and houston texas	( _lambda $0 e ( _and ( _flight $0 ) ( _nonstop $0 ) ( _from $0 san_jose:_ci ) ( _to $0 houston:_ci ) ) )
what are the nonstop flights between houston and memphis	( _lambda $0 e ( _and ( _flight $0 ) ( _nonstop $0 ) ( _from $0 houston:_ci ) ( _to $0 memphis:_ci ) ) )
what are the flights between memphis and cincinnati on wednesday	( _lambda $0 e ( _and ( _flight $0 ) ( _from $0 memphis:_ci ) ( _to $0 cincinnati:_ci ) ( _day $0 wednesday:_da ) ) )
what are the american flights from newark to nashville	( _lambda $0 e ( _and ( _flight $0 ) ( _airline $0 aa:_al ) ( _from $0 newark:_ci ) ( _to $0 nashville:_ci ) ) )
the flights from ontario to westchester that stop in chicago	( _lambda $0 e ( _and ( _flight $0 ) ( _from $0 ontario:_ci ) ( _to $0 westchester_county:_ci ) ( _stop $0 chicago:_ci ) ) )
please list the flights from los angeles to charlotte	( _lambda $0 e ( _and ( _flight $0 ) ( _from $0 los_angeles:_ci ) ( _to $0 charlotte:_ci ) ) )
please list the flights from charlotte to newark	( _lambda $0 e ( _and ( _flight $0 ) ( _from $0 charlotte:_ci ) ( _to $0 newark:_ci ) ) )
please list the flights from newark to los angeles	( _lambda $0 e ( _and ( _flight $0 ) ( _from $0 newark:_ci ) ( _to $0 los_angeles:_ci ) ) )
please list the flights from cincinnati to burbank on american airlines	( _lambda $0 e ( _and ( _flight $0 ) ( _airline $0 aa:_al ) ( _from $0 cincinnati:_ci ) ( _to $0 burbank:_ci ) ) )
please give me the flights from kansas city to chicago on june sixteenth	( _lambda $0 e ( _and ( _flight $0 ) ( _from $0 kansas_city:_ci ) ( _to $0 chicago:_ci ) ( _day_number $0 16:_dn ) ( _month $0 june:_mn ) ) )
please give me the flights from chicago to kansas city on june seventeenth	( _lambda $0 e ( _and ( _flight $0 ) ( _from $0 chicago:_ci ) ( _to $0 kansas_city:_ci ) ( _day_number $0 17:_dn ) ( _month $0 june:_mn ) ) )
please list all the flights from kansas city to chicago on june sixteenth	( _lambda $0 e ( _and ( _flight $0 ) ( _from $0 kansas_city:_ci ) ( _to $0 chicago:_ci ) ( _day_number $0 16:_dn ) ( _month $0 june:_mn ) ) )
please list all the flights from chicago to kansas city on june seventeenth	( _lambda $0 e ( _and ( _flight $0 ) ( _from $0 chicago:_ci ) ( _to $0 kansas_city:_ci ) ( _day_number $0 17:_dn ) ( _month $0 june:_mn ) ) )
i'd like to travel from burbank to milwaukee	( _lambda $0 e ( _and ( _from $0 burbank:_ci ) ( _to $0 milwaukee:_ci ) ) )
can you find me a flight from salt lake city to new york city next saturday before arriving before 6pm	( _lambda $0 e ( _and ( _flight $0 ) ( _< ( _arrival_time $0 ) 1800:_ti ) ( _from $0 salt_lake_city:_ci ) ( _to $0 new_york:_ci ) ( _day $0 saturday:_da ) ) )
can you find me another flight from cincinnati to new york on saturday before 6pm	( _lambda $0 e ( _and ( _flight $0 ) ( _< ( _departure_time $0 ) 1800:_ti ) ( _from $0 cincinnati:_ci ) ( _to $0 new_york:_ci ) ( _day $0 saturday:_da ) ) )
can you list all of the delta flights from salt lake city to new york next saturday arriving before 6pm	( _lambda $0 e ( _and ( _flight $0 ) ( _airline $0 dl:_al ) ( _< ( _arrival_time $0 ) 1800:_ti ) ( _from $0 salt_lake_city:_ci ) ( _to $0 new_york:_ci ) ( _day $0 saturday:_da ) ) )
i'd like to fly from miami to chicago on on american airlines arriving around 5pm	( _lambda $0 e ( _and ( _flight $0 ) ( _airline $0 aa:_al ) ( _approx_arrival_time $0 1700:_ti ) ( _from $0 miami:_ci ) ( _to $0 chicago:_ci ) ) )
i'd like to travel from kansas city to chicago next wednesday	( _lambda $0 e ( _and ( _from $0 kansas_city:_ci ) ( _to $0 chicago:_ci ) ( _day $0 wednesday:_da ) ) )
i'd like a round trip flight from kansas city to chicago on wednesday may twenty sixth arriving at 7pm	( _lambda $0 e ( _and ( _flight $0 ) ( _round_trip $0 ) ( _arrival_time $0 1900:_ti ) ( _from $0 kansas_city:_ci ) ( _to $0 chicago:_ci ) ( _day $0 wednesday:_da ) ( _day_number $0 26:_dn ) ( _month $0 may:_mn ) ) )
yes i'd like to find a flight from memphis to tacoma stopping in los angeles	( _lambda $0 e ( _and ( _flight $0 ) ( _from $0 memphis:_ci ) ( _to $0 tacoma:_ci ) ( _stop $0 los_angeles:_ci ) ) )
find flight from san diego to phoenix on monday am	( _lambda $0 e ( _and ( _flight $0 ) ( _during_day $0 morning:_pd ) ( _from $0 san_diego:_ci ) ( _to $0 phoenix:_ci ) ( _day $0 monday:_da ) ) )
find flight from phoenix to detroit on monday	( _lambda $0 e ( _and ( _flight $0 ) ( _from $0 phoenix:_ci ) ( _to $0 detroit:_ci ) ( _day $0 monday:_da ) ) )
find flight from detroit to san diego on tuesday	( _lambda $0 e ( _and ( _flight $0 ) ( _from $0 detroit:_ci ) ( _to $0 san_diego:_ci ) ( _day $0 tuesday:_da ) ) )
find flight from cincinnati to san jose on monday	( _lambda $0 e ( _and ( _flight $0 ) ( _from $0 cincinnati:_ci ) ( _to $0 san_jose:_ci ) ( _day $0 monday:_da ) ) )
find flight from san jose to houston on wednesday	( _lambda $0 e ( _and ( _flight $0 ) ( _from $0 san_jose:_ci ) ( _to $0 houston:_ci ) ( _day $0 wednesday:_da ) ) )
find flight from houston to memphis on friday	( _lambda $0 e ( _and ( _flight $0 ) ( _from $0 houston:_ci ) ( _to $0 memphis:_ci ) ( _day $0 friday:_da ) ) )
find flight from memphis to cincinnati on sunday	( _lambda $0 e ( _and ( _flight $0 ) ( _from $0 memphis:_ci ) ( _to $0 cincinnati:_ci ) ( _day $0 sunday:_da ) ) )
find american flight from newark to nashville around 630pm	( _lambda $0 e ( _and ( _flight $0 ) ( _airline $0 aa:_al ) ( _approx_departure_time $0 1830:_ti ) ( _from $0 newark:_ci ) ( _to $0 nashville:_ci ) ) )
please find a flight round trip from los angeles to tacoma washington with a stopover in san francisco not exceeding the price of 300 dollars for june tenth 1993	( _lambda $0 e ( _and ( _flight $0 ) ( _round_trip $0 ) ( _from $0 los_angeles:_ci ) ( _to $0 tacoma:_ci ) ( _stop $0 san_francisco:_ci ) ( _< ( _cost $0 ) 300:_do ) ( _day_number $0 10:_dn ) ( _month $0 june:_mn ) ( _year $0 1993:_yr ) ) )
are there any flights on june tenth from burbank to tacoma	( _lambda $0 e ( _and ( _flight $0 ) ( _from $0 burbank:_ci ) ( _to $0 tacoma:_ci ) ( _day_number $0 10:_dn ) ( _month $0 june:_mn ) ) )
please find a flight from ontario to westchester that makes a stop in chicago on may seventeenth one way with dinner	( _lambda $0 e ( _and ( _flight $0 ) ( _oneway $0 ) ( _meal $0 dinner:_me ) ( _from $0 ontario:_ci ) ( _to $0 westchester_county:_ci ) ( _stop $0 chicago:_ci ) ( _day_number $0 17:_dn ) ( _month $0 may:_mn ) ) )
like to book a flight from burbank to milwaukee	( _lambda $0 e ( _and ( _flight $0 ) ( _from $0 burbank:_ci ) ( _to $0 milwaukee:_ci ) ) )
show me all the flights from burbank to milwaukee	( _lambda $0 e ( _and ( _flight $0 ) ( _from $0 burbank:_ci ) ( _to $0 milwaukee:_ci ) ) )
find me all the flights from milwaukee to st. louis	( _lambda $0 e ( _and ( _flight $0 ) ( _from $0 milwaukee:_ci ) ( _to $0 st_louis:_ci ) ) )
now show me all the flights from st. louis to burbank	( _lambda $0 e ( _and ( _flight $0 ) ( _from $0 st_louis:_ci ) ( _to $0 burbank:_ci ) ) )
is there one airline that flies from burbank to milwaukee milwaukee to st. louis and from st. louis to burbank	( _lambda $0 e ( _and ( _airline $0 ) ( _exists $1 ( _and ( _flight $1 ) ( _or ( _and ( _from $1 milwaukee:_ci ) ( _to $1 st_louis:_ci ) ) ( _and ( _from $1 milwaukee:_ci ) ( _to $1 st_louis:_ci ) ) ( _and ( _to $1 milwaukee:_ci ) ( _to $1 burbank:_ci ) ) ( _and ( _to $1 st_louis:_ci ) ( _from $1 st_louis:_ci ) ) ) ( _= ( _airline:_e $1 ) $0 ) ) ) ) )
find me all the round trip flights from burbank to milwaukee stopping in st. louis	( _lambda $0 e ( _and ( _flight $0 ) ( _round_trip $0 ) ( _from $0 burbank:_ci ) ( _to $0 milwaukee:_ci ) ( _stop $0 st_louis:_ci ) ) )
i'd like to book two flights to westchester county	( _lambda $0 e ( _and ( _flight $0 ) ( _to $0 westchester_county:_ci ) ) )
i want to book a flight from salt lake city to westchester county	( _lambda $0 e ( _and ( _flight $0 ) ( _from $0 salt_lake_city:_ci ) ( _to $0 westchester_county:_ci ) ) )
tell me all the airports near westchester county	( _lambda $0 e ( _and ( _airport $0 ) ( _loc:_t $0 westchester_county:_ci ) ) )
i'd like to book a flight from cincinnati to new york city on united airlines for next saturday	( _lambda $0 e ( _and ( _flight $0 ) ( _airline $0 ua:_al ) ( _from $0 cincinnati:_ci ) ( _to $0 new_york:_ci ) ( _day $0 saturday:_da ) ) )
tell me all the airports in the new york city area	( _lambda $0 e ( _and ( _airport $0 ) ( _loc:_t $0 new_york:_ci ) ) )
please find all the flights from cincinnati to any airport in the new york city area that arrive next saturday before 6pm	( _lambda $0 e ( _and ( _flight $0 ) ( _< ( _arrival_time $0 ) 1800:_ti ) ( _from $0 cincinnati:_ci ) ( _to $0 new_york:_ci ) ( _day_arrival $0 saturday:_da ) ) )
find me a flight from cincinnati to any airport in the new york city area	( _lambda $0 e ( _and ( _flight $0 ) ( _from $0 cincinnati:_ci ) ( _to $0 new_york:_ci ) ) )
i'd like to fly from miami to chicago on american airlines	( _lambda $0 e ( _and ( _flight $0 ) ( _airline $0 aa:_al ) ( _from $0 miami:_ci ) ( _to $0 chicago:_ci ) ) )
i would like to book a round trip flight from kansas city to chicago	( _lambda $0 e ( _and ( _flight $0 ) ( _round_trip $0 ) ( _from $0 kansas_city:_ci ) ( _to $0 chicago:_ci ) ) )
find me a flight that flies from memphis to tacoma	( _lambda $0 e ( _and ( _flight $0 ) ( _from $0 memphis:_ci ) ( _to $0 tacoma:_ci ) ) )
